{"(16, 3)": [0.003792495999732637, 0.0016898980002224562, 0.0012900639994768426, 0.000885938000465103, 0.0013030330001129187, 0.001323356000284548, 0.000931570999455289, 0.0008348510000359965, 0.0008220070003517321, 0.0008159520002664067, 0.0009005980000438285, 0.0009902869996949448, 0.001375743000608054, 0.0014904689996910747, 0.0015430999992531724, 0.001500222999311518, 0.0013688569997611921, 0.0014579380003851838, 0.00179166899943084, 0.0015347480002674274, 0.0014329579998957342, 0.0014395039997907588, 0.0016492079994350206, 0.001733402999889222, 0.0020995109998693806, 0.0017598190006538061, 0.001746402000208036, 0.00293013600003178, 0.0012335229994278052, 0.0008848699999361997], "(16, 4)": [0.0016428349999841885, 0.0009463770002184901, 0.0009036530000230414, 0.0009277690005546901, 0.0008614979997219052, 0.0008617180001238012, 0.0008494510002492461, 0.0008731409998290474, 0.000918625999474898, 0.0008800599998721736, 0.0008208089993786416, 0.0008805870002106531, 0.0008460210001430823, 0.0008238969994636136, 0.0008053350002228399, 0.0014349820003189961, 0.0009070440000868984, 0.0009044179996635648, 0.0008345579999513575, 0.0008260209997388301, 0.0008259999995061662, 0.0008258990001195343, 0.0008149519999278709, 0.00088428799972462, 0.0008801060002951999, 0.0008596789994044229, 0.0008209329998862813, 0.0008271180004157941, 0.0008084609999059467, 0.0008258870002464391], "(16, 5)": [0.0020622629999706987, 0.0009801579999475507, 0.0009693540005173418, 0.000986899000054109, 0.000886939000338316, 0.0009168730002784287, 0.0008496479995301343, 0.0008410079999521258, 0.0009010470002976945, 0.000877778999893053, 0.0008781810001892154, 0.0008769799997025984, 0.0008253050000348594, 0.0009506340002189972, 0.0008694119997016969, 0.0009535660001347424, 0.000865814999997383, 0.0008053470000959351, 0.0008044409996728064, 0.0007731180003247573, 0.00077450300068449, 0.0007810529996277182, 0.0008445260000371491, 0.0008713779998288373, 0.0008059309993768693, 0.0007971220002218615, 0.0008117130000755424, 0.0007785850002619554, 0.0008303000004161731, 0.000885518999893975], "(16, 6)": [0.0017538609999974142, 0.0008525399998688954, 0.0009972309999284334, 0.000896824999472301, 0.0008727669992367737, 0.0009550880004098872, 0.0011294030000499333, 0.0009834980000960059, 0.0009554120006214362, 0.0009537209998597973, 0.0009609139997337479, 0.0009631100001570303, 0.0009148170001935796, 0.0008823200005281251, 0.0008598439999332186, 0.001170675000139454, 0.0008858249993863865, 0.000883754999449593, 0.0009364489997096825, 0.0009272530005546287, 0.0008726120004212135, 0.0008598730000812793, 0.00086964500042086, 0.0008712979997653747, 0.0008690000004207832, 0.0009337150004284922, 0.0008490009995512082, 0.0008569999999963329, 0.0010011849999500555, 0.001117488000090816], "(16, 7)": [0.0019783370007644407, 0.0009816150004553492, 0.0009367339998789248, 0.0008825840004647034, 0.0008955670000432292, 0.0008849890000419691, 0.0008749709995754529, 0.0009414149999429355, 0.0010230050002064672, 0.000865087000420317, 0.0008538790007150965, 0.0008853010003804229, 0.0008819960003165761, 0.000931367000703176, 0.0009244960001524305, 0.0008997109998745145, 0.0008869129997037817, 0.0008823280004435219, 0.0008269550007753423, 0.000865441000314604, 0.0008259730002464494, 0.0008156579997375957, 0.0008644029994684388, 0.0008752070007176371, 0.0019063670006289613, 0.0020215399999869987, 0.002663127999767312, 0.0020309029996496974, 0.0023134510001909803, 0.0020241400006852928], "(32, 3)": [0.0014776229991184664, 0.0009628669995436212, 0.0008774719999564695, 0.000872876999892469, 0.0008701649994691252, 0.0008601090003139689, 0.0008560209998904611, 0.0008551410001018667, 0.0008546609997210908, 0.0009318669999629492, 0.0008667370002513053, 0.0008895130004020757, 0.0008603920005043619, 0.000806150000244088, 0.0008295830002680304, 0.0008149479999701725, 0.000865823999447457, 0.0008493180002915324, 0.0008091930003502057, 0.0007853159995647729, 0.000869629999215249, 0.0008581949996369076, 0.0008383989998037578, 0.0008505420000801678, 0.0008717099999557831, 0.0008907120000003488, 0.0008796829997663735, 0.000880992000020342, 0.000915716999770666, 0.0008712870003364515], "(32, 4)": [0.0019575040005292976, 0.0009143059996858938, 0.0008935429996199673, 0.0009113950000028126, 0.0009345020007458515, 0.0023837029993956094, 0.002233719999821915, 0.0014791699995839735, 0.0009380080000482849, 0.001431080000656948, 0.0015886569999565836, 0.0011278769998170901, 0.0008775180003794958, 0.0008891059997040429, 0.0008043659991017194, 0.000777440999627288, 0.0008385680002902518, 0.000815597999462625, 0.000809799999842653, 0.0008076530002654181, 0.0008549919994038646, 0.0008110079998004949, 0.0008157219999702647, 0.0007858429999032523, 0.0007873510003264528, 0.0008564069994463352, 0.0008382329997402849, 0.0009316329997091088, 0.0008549579997634282, 0.0008262780002041836], "(32, 5)": [0.0016385949993491522, 0.0008906700004445156, 0.0008629579997432302, 0.0008217620006689685, 0.0008426770000369288, 0.0010972059999403427, 0.001778007000211801, 0.0013406879998001386, 0.000880149000295205, 0.0008489580004606978, 0.000810165000075358, 0.0008207219998439541, 0.000879062999956659, 0.0009256169996660901, 0.0009089989998756209, 0.0008847519993651076, 0.000814901000012469, 0.0007869569999456871, 0.0008622580007795477, 0.0008173360001819674, 0.0008113270005196682, 0.0008577339995099464, 0.0008815159999358002, 0.0009535119997963193, 0.0008064129997364944, 0.0007734470000286819, 0.0008780440002738032, 0.0008544659995095572, 0.0007819030006430694, 0.0007322169994949945], "(32, 6)": [0.0017173900005218456, 0.0012843909998991876, 0.0010562550005488447, 0.001058585000464518, 0.0010840290005944553, 0.0010714820000430336, 0.0010540759994910331, 0.0010535179999351385, 0.0010705639997468097, 0.0010783170000649989, 0.0010790739997901255, 0.0012749409997923067, 0.0010885259998758556, 0.0011061610002798261, 0.001068098000359896, 0.0010502349996386329, 0.001056037000125798, 0.0010525610005061026, 0.0010505879999982426, 0.001113274000090314, 0.001078465000318829, 0.0010792069997478393, 0.0010612679998303065, 0.0010785880003822967, 0.0010598510007184814, 0.0010587220003799303, 0.0010544260003371164, 0.0010536310001043603, 0.001053884999237198, 0.0010507309998502024], "(32, 7)": [0.0016700289997970685, 0.0036885239996991004, 0.003695382999467256, 0.003738976000022376, 0.0036849449998044292, 0.0036828829997830326, 0.003726763000486244, 0.003689303000101063, 0.0036638290002883878, 0.0037684010003431467, 0.003704230000039388, 0.003673049999633804, 0.0036974939994252054, 0.0036870639996777754, 0.003688591999889468, 0.003711029999976745, 0.0036887360001855996, 0.0036904160006088205, 0.0036967139994885656, 0.003685884000333317, 0.0037021580001237453, 0.0037785570002597524, 0.003757532000236097, 0.003697075000673067, 0.003796785000304226, 0.0036527470001601614, 0.0037145100004636333, 0.003810665999480989, 0.0037672320004276116, 0.0037267959996825084], "(64, 3)": [0.00247891700018954, 0.0009383179994983948, 0.000816902999758895, 0.0007990189997144626, 0.0008007149999684771, 0.0008470399998259381, 0.000815539000541321, 0.0007906350001576357, 0.0008170809996954631, 0.0009008590004668804, 0.0008321249997607083, 0.0008172660000127507, 0.0008670040006109048, 0.0008687299996381626, 0.0008153279995894991, 0.0009072980001292308, 0.0008133850005833665, 0.0007695159993090783, 0.0008097889995042351, 0.0008773449999353033, 0.0009198340003422345, 0.0015010679999249987, 0.0016110589995150804, 0.0012912940001115203, 0.0008688260004419135, 0.0008329849997608108, 0.000819200000478304, 0.0010395130002507358, 0.0008466039998893393, 0.0019823689999611815],